WKT,nama,deskripsi
"POLYGON ((106.7591844 -6.3609301, 106.719359 -6.3605888, 106.7296587 -6.4097206, 106.7269121 -6.430532, 106.7337786 -6.4489544, 106.7986666 -6.4680585, 106.8443285 -6.4441783, 106.8910204 -6.4312143, 106.8947969 -6.3906144, 106.8910204 -6.369119, 106.7591844 -6.3609301))",Kota Administrasi Depok, Jawa Barat ,
